sample,cat_0,cat_1,cat_2,cat_3,cat_4,cat_5
A00,6067,2602,2095,1379,1004,574
A01,3922,3851,1735,2227,1934,1046
A02,4438,5563,2618,2624,1241,1134
A03,4750,5390,2115,3124,1948,1393
A04,3605,6150,2298,1741,1043,692
A05,4387,4006,2468,2495,906,1291
A06,3433,2282,1045,544,467,578
A07,4323,5338,2471,3253,775,1940
A08,9934,8301,3139,1879,2038,1658
A09,3006,3067,2685,486,1441,327
A10,5480,3591,4144,2349,1430,1725
A11,9008,11335,4354,3024,2351,3501
A12,8928,7853,1698,4336,3593,1662
A13,7769,5188,3086,2838,1372,979
A14,2626,1152,1879,839,684,1299
A15,7137,6525,4072,2679,1771,2196
A16,9052,7734,9153,2577,3324,1198
A17,6719,7582,5426,1254,3103,802
A18,2375,2685,1469,2312,1518,868
A19,5928,6686,4063,944,4765,718
A20,9431,10367,1726,1604,5586,1828
A21,10130,5063,3794,3511,362,2104
A22,7421,4917,5877,2214,5270,1612
A23,4132,4597,3158,3196,3586,1683
A24,4671,4184,3185,1883,2002,402
A25,6438,7745,4695,712,1497,1794
A26,4351,4365,1395,1686,1674,1531
A27,7059,5034,5548,3648,3894,2212
A28,4316,2629,2360,1115,936,971
A29,5203,6964,6563,5819,4163,2193
A30,6726,2535,2799,2083,2234,1711
A31,6265,6737,7241,1701,2081,4325
A32,5770,6577,6577,3014,1260,1822
A33,2946,2210,1748,1349,1152,592
A34,2739,4612,2162,2409,846,1103
A35,5017,6042,2324,5399,1933,2151
A36,8901,2696,5521,2785,2797,2382
A37,9703,6789,3127,1757,2297,823
A38,4177,2724,2053,2811,1357,2212
A39,3261,3075,1586,1904,1324,1666
B00,31517,11418,9969,4208,6032,6346
B01,26293,14733,9587,804,8136,2672
B02,18444,4885,10120,2958,1666,942
B03,17181,10604,5485,2857,4451,4229
B04,21883,11998,3863,594,3619,4650
B05,26327,6650,3555,956,10482,3234
B06,19046,7748,11510,1375,2374,657
B07,20873,11047,7840,3215,11803,12359
B08,19835,11644,5588,4513,4803,8354
B09,35556,8364,7751,3239,11188,2809
B10,16581,9067,2694,974,1215,1853
B11,13514,6177,2727,4548,2324,3548
B12,34844,28216,11646,5330,5700,5108
B13,20198,6299,2486,1049,3656,1399
B14,22500,6958,7041,6757,4818,1433
B15,16049,4868,5039,915,2983,3173
B16,20963,16947,4455,3002,5472,2822
B17,14360,5411,2945,1595,2181,2941
B18,22334,17787,6821,622,3329,1873
B19,15302,6269,3366,777,1009,1899
B20,13045,11574,2593,1095,675,1190
B21,25402,9925,5468,2305,5165,1533
B22,12942,5090,3163,1822,4403,2051
B23,27261,6304,11028,1690,5878,4089
B24,25866,11107,7678,2273,1662,5241
B25,19336,5944,4015,1409,1125,3120
B26,16800,5975,2987,2873,1505,3745
B27,17213,8911,8457,3062,2299,1555
B28,29467,11253,2740,2208,6562,2374
B29,13439,10238,4202,1213,2334,3555
B30,14133,7800,4308,1518,489,1234
B31,15275,7370,9750,1105,2784,4014
B32,15027,4860,3532,1285,2795,1890
B33,12156,11565,5037,560,2861,2764
B34,21974,10112,2216,513,2372,2852
B35,11741,5611,5666,569,1468,1787
B36,16846,7861,5201,1980,2300,1202
B37,23439,8309,3084,1575,4939,1342
B38,25011,14532,8269,1739,3443,3250
B39,26055,2670,6537,823,3342,2905
