sample,latent_p_cat_0,latent_p_cat_1,latent_p_cat_2,latent_p_cat_3,latent_p_cat_4,latent_p_cat_5
A00,0.43924278882803364,0.19374554291153498,0.15474241391786167,0.1000963893188522,0.07014873094173031,0.04202413408198695
A01,0.26986619995828426,0.26290059845217495,0.11944617028140787,0.1455641136238514,0.13388161046407282,0.06834130722020872
A02,0.2547443498178536,0.31346454059495404,0.14929428868045258,0.15381396693797636,0.06958448953408146,0.059098364434681964
A03,0.2584017591008786,0.28722127663921504,0.11336038301516711,0.1625025891251403,0.10468417905093197,0.07382981306866686
A04,0.22920298864321142,0.3909025798624351,0.15229345237782488,0.11599386257023488,0.06496117331041973,0.04664594323587411
A05,0.2807146257445216,0.25567531815966626,0.15934241217233733,0.16503725831115715,0.0556242987865924,0.08360608682572525
A06,0.4139053588251125,0.2727306903778172,0.12094547138659718,0.06859302542887821,0.05470202189011124,0.06912343209148356
A07,0.24241370421467429,0.28949495167875783,0.13692212820529412,0.18081072246218743,0.04192931023344011,0.10842918320564628
A08,0.36792760226984117,0.30803659973451675,0.11653565096962733,0.07046851670450152,0.07507347125424597,0.061958159067267385
A09,0.2826947798188203,0.27004186257315255,0.23924852419177275,0.046485025240615374,0.13147238807484546,0.030057420100793635
A10,0.2984559856605265,0.1921536784156908,0.2196736214485875,0.12367520468930196,0.07639356039382272,0.08964794939207052
A11,0.26627621444808974,0.33819224258432196,0.12949531844142625,0.09035190536320525,0.06998702559436439,0.10569729356859228
A12,0.318666743653317,0.28099668433318076,0.059731810598168705,0.15558939203219851,0.12497315288435913,0.06004221649877583
A13,0.3737332672452759,0.24193682142447853,0.14459184872237207,0.1327069122158891,0.0632183740823705,0.04381277630961381
A14,0.3107705698622431,0.14372748581328215,0.21916359518840894,0.09601383056909599,0.0771317462985516,0.1531927722684182
A15,0.29112286312676716,0.2681217932158394,0.16768111797737062,0.10908286483372762,0.07186214850149103,0.09212921234480438
A16,0.2755859917521226,0.23314824218671332,0.27480154046524885,0.07844523194419968,0.10016947356313437,0.03784952008858114
A17,0.26514532297038096,0.3093840691416601,0.21415630601525562,0.0507307165848797,0.12833915829922268,0.032244426988601006
A18,0.20418383103951182,0.25276601221654477,0.12592389069001336,0.21243535963155982,0.13125753157424327,0.07343337484812681
A19,0.2527556433744438,0.2898801216053026,0.17780061246384973,0.041138352734216954,0.20611814505812645,0.03230712476406059
A20,0.30677893675730183,0.3428333550394121,0.0551798077341512,0.052574444545640094,0.18277229966915703,0.059861156254337765
A21,0.4075422330072579,0.20291520488729387,0.15001264701270858,0.13796122437380132,0.014707882900129,0.08686080781880937
A22,0.27079582755590176,0.17667675137325461,0.2156839019133662,0.08482411810511109,0.19228607957596855,0.05973332147639796
A23,0.19481671347795995,0.22182659159283785,0.16141196707349031,0.1569098624890706,0.18269395269255642,0.08234091267408494
A24,0.2806061809015828,0.26232482996260037,0.19082454466075235,0.11971236953151744,0.12160343254200232,0.024928642401544587
A25,0.28153821586449584,0.33930270847235183,0.20494756455210492,0.03159977963901732,0.06570134755430905,0.076910383917721
A26,0.2896347602592121,0.29800977012351637,0.09036562522924553,0.10812784011471663,0.11501282754615359,0.0988491767271559
A27,0.25690846944859014,0.18239155348929484,0.2047520969140111,0.13537454045970615,0.14094116700102088,0.07963217268737695
A28,0.3579746967927397,0.2160509147874455,0.1860918726947406,0.08691577850528814,0.07495598195052944,0.0780107552692566
A29,0.167573421562699,0.22765249191433973,0.21257733831834238,0.18657591547188365,0.13370588535066286,0.07191494738207237
A30,0.3675760633061812,0.1386054931713763,0.1587972579355513,0.11101933910716137,0.12605020170188078,0.09795164477784926
A31,0.21418077000833788,0.2397530965210862,0.2607756678849668,0.05986703150734119,0.07510821150858185,0.15031522256968607
A32,0.2307678976613457,0.26114662189800086,0.2629097781819015,0.121992854422089,0.049990051512411544,0.07319279632425131
A33,0.290414285438975,0.2293120298068076,0.17625070378087213,0.13621825508565766,0.1098916060896672,0.05791311979802025
A34,0.19664215776883517,0.33107213845082656,0.15855873390500602,0.1696400065423307,0.05958332213335971,0.08450364119964207
A35,0.22010473409545747,0.2625361045131877,0.10228435592818405,0.23696932031859105,0.08297128055698667,0.09513420458759307
A36,0.34870110599308796,0.11043927318879869,0.22346085710891309,0.11307731618273557,0.1095375394172735,0.09478390810919123
A37,0.3949617335078636,0.2783871013726041,0.12841558386152369,0.0715625250836851,0.09399313206009884,0.03267992411422478
A38,0.27152114395874305,0.17238871873103978,0.13269463347755805,0.18967893320221627,0.08844485909086115,0.1452717115395818
A39,0.2578903405151281,0.24136547615022963,0.11920820728603912,0.14852559354430023,0.10585275971885849,0.12715762278544449
B00,0.45604511886052795,0.16196725673062473,0.14546204944383953,0.06015092935413116,0.08684231947699599,0.08953232613388054
B01,0.4235651075705662,0.23670573126858716,0.15392012289022883,0.012859371490209841,0.1296736366929852,0.043276030087422854
B02,0.4687231710636671,0.1257905823270018,0.2623016983656272,0.07560659051955233,0.04361702497185498,0.023960932752296427
B03,0.3865092605316283,0.23181591961639902,0.12364919016267643,0.0652460246948007,0.0993104426396635,0.09346916235483194
B04,0.47144475822897447,0.25649036719565593,0.08423719722043671,0.012789598581674652,0.07660054142064082,0.09843753735261757
B05,0.5127039965261367,0.1310389321933073,0.06969128396802095,0.01871152429968423,0.20382080493716803,0.06403345807568299
B06,0.4463154300268845,0.18010402405888598,0.2695159129078485,0.03253754935282217,0.05677197335977598,0.0147551102937828
B07,0.3092462617652747,0.16566461812051414,0.11683306043474341,0.04712235918847639,0.17662761455440332,0.18450608593658815
B08,0.36295580016673684,0.21185099703597488,0.10376508539432085,0.08330110470819198,0.08690420757392184,0.15122280512085362
B09,0.5150073546577434,0.1207147168208195,0.11057636986199869,0.04823819867186974,0.16582074174352127,0.03964261824404753
B10,0.5124029615531563,0.2785407094111542,0.08595824795382617,0.03038401255687423,0.03660212922792605,0.05611193929706303
B11,0.4145222723280094,0.1877776811945736,0.08398300990814475,0.13534689513798487,0.06907738019284435,0.109292761238443
B12,0.3877381394241655,0.3082422441910826,0.12627570174115968,0.05871110343811253,0.06247566785539222,0.05655714335008745
B13,0.5720126985973117,0.18035233464287834,0.071246933046722,0.02977622342888373,0.1072178010226639,0.03939400926154008
B14,0.4551253886386841,0.13766611988439567,0.14280908677157128,0.1387034699314566,0.09698237461590589,0.02871356015798644
B15,0.49020925355341144,0.1478734270091554,0.15261200551252635,0.027873686762974595,0.08773094201594568,0.09370068514598637
B16,0.39053983812357645,0.3183380243090278,0.08482036414880666,0.05484085046260428,0.09933085816133973,0.05213006479464524
B17,0.48677201147824756,0.18476470109843232,0.10124962988417263,0.05462835163348694,0.07189664710253174,0.10068865880312888
B18,0.41861553078711355,0.3380530815294799,0.13090125638442485,0.011596211333678823,0.0648128457351652,0.03602107423013778
B19,0.5332958368394635,0.21729649018825437,0.12062914733571203,0.0277042660758399,0.035839124631975375,0.06523513492875496
B20,0.43670103887187967,0.37975345021529183,0.08729129346515785,0.03649443086989843,0.021450513340163024,0.03830927323760908
B21,0.5088989293783243,0.19881954147660116,0.11075885439467699,0.04664966057570697,0.10387982065868039,0.030993193516010153
B22,0.43666709609382265,0.17082924427502982,0.10814911435765406,0.05963403318109825,0.15290557785981507,0.0718149342325801
B23,0.48647053774034327,0.11455303021122949,0.19448854527212348,0.029789553172561222,0.10321622401525445,0.07148210958848816
B24,0.47969047749231425,0.2051905988299684,0.14304274691285881,0.041105939866563516,0.030443935305615375,0.10052630159267982
B25,0.5527606073080401,0.17060613265577784,0.11626552873449916,0.039915158652971024,0.03367051178319589,0.08678206086551592
B26,0.4984720516837719,0.17412413540120286,0.08763071910661732,0.08441212704325789,0.04465291504056656,0.11070805172458348
B27,0.41541603155867524,0.21079582899676835,0.20344176278424175,0.07429927586308155,0.057252265581929605,0.03879483521530348
B28,0.5376094831821718,0.20674830132664182,0.04887195719627574,0.041480361875225066,0.12110935588752042,0.04418054053216529
B29,0.3823892799935995,0.2966763699416729,0.11700438217681995,0.03431608016719551,0.06645195462042895,0.1031619331002832
B30,0.4781525934386272,0.2652767629158662,0.14746093152041662,0.04998760141977682,0.01654243183784413,0.042579678867468954
B31,0.3776595442697029,0.18119075255370673,0.2424928130728856,0.027318754292893356,0.06885023819779941,0.10248789761301204
B32,0.5134947926284601,0.16509219642409817,0.12034787894990052,0.044271078905846466,0.0924675009362346,0.06432655215546011
B33,0.3481552739392016,0.33009482085775066,0.14346625239997726,0.016343758677978708,0.08202807041262757,0.07991182371246418
B34,0.5482285020680715,0.25099837187823776,0.055526070810518004,0.01243813898743089,0.06028207417624552,0.07252684207949629
B35,0.43986614143034947,0.20677440635733876,0.21123982059574148,0.021369268319997303,0.055864636214942774,0.06488572708163029
B36,0.47437329246026266,0.2257315216994749,0.14430063799804074,0.05735073646368401,0.06326221900219262,0.03498159237634527
B37,0.5444243844541341,0.19441976654312518,0.07382787081625046,0.03715631062226698,0.11760582513767874,0.032565842426544624
B38,0.44436471064650374,0.2569477337092864,0.14834922270868756,0.0304123190168843,0.06257391768631876,0.057352096232319495
B39,0.6189524405795908,0.06436910916571284,0.15413952205648743,0.018940204558467587,0.07692941867750314,0.06666930496223829
