sample,group,N_total
A00,A,13721
A01,A,14715
A02,A,17618
A03,A,18720
A04,A,15529
A05,A,15553
A06,A,8349
A07,A,18100
A08,A,26949
A09,A,11012
A10,A,18719
A11,A,33573
A12,A,28070
A13,A,21232
A14,A,8479
A15,A,24380
A16,A,33038
A17,A,24886
A18,A,11227
A19,A,23104
A20,A,30542
A21,A,24964
A22,A,27311
A23,A,20352
A24,A,16327
A25,A,22881
A26,A,15002
A27,A,27395
A28,A,12327
A29,A,30905
A30,A,18088
A31,A,28350
A32,A,25020
A33,A,9997
A34,A,13871
A35,A,22866
A36,A,25082
A37,A,24496
A38,A,15334
A39,A,12816
B00,B,69490
B01,B,62225
B02,B,39015
B03,B,44807
B04,B,46607
B05,B,51204
B06,B,42710
B07,B,67137
B08,B,54737
B09,B,68907
B10,B,32384
B11,B,32838
B12,B,90844
B13,B,35087
B14,B,49507
B15,B,33027
B16,B,53661
B17,B,29433
B18,B,52766
B19,B,28622
B20,B,30172
B21,B,49798
B22,B,29471
B23,B,56250
B24,B,53827
B25,B,34949
B26,B,33885
B27,B,41497
B28,B,54604
B29,B,34981
B30,B,29482
B31,B,40298
B32,B,29389
B33,B,34943
B34,B,40039
B35,B,26842
B36,B,35390
B37,B,42688
B38,B,56244
B39,B,42332
